PersonID,FirstName,LastName,Email,RoleID,Location
1,John,Doe,John.Doe@example.com,3,REPLACE
2,Jane,Doe,Jane.Doe@example.com,3,REPLACE
3,John,Doe,John.Doe@example.com,3,REPLACE
4,Jane,Doe,Jane.Doe@example.com,3,REPLACE
5,John,Doe,John.Doe@example.com,3,REPLACE
6,Jane,Doe,Jane.Doe@example.com,3,REPLACE
7,John,Doe,John.Doe@example.com,6,REPLACE
8,Jane,Doe,Jane.Doe@example.com,1,REPLACE
9,John,Doe,John.Doe@example.com,2,REPLACE
10,Jane,Doe,Jane.Doe@example.com,7,REPLACE
11,John,Doe,John.Doe@example.com,6,REPLACE
12,Jane,Doe,Jane.Doe@example.com,7,REPLACE
13,John,Doe,John.Doe@example.com,7,REPLACE
14,Jane,Doe,Jane.Doe@example.com,19,REPLACE
15,John,Doe,John.Doe@example.com,19,REPLACE
16,Jane,Doe,Jane.Doe@example.com,19,REPLACE
17,John,Doe,John.Doe@example.com,19,REPLACE
18,Jane,Doe,Jane.Doe@example.com,19,REPLACE
19,John,Doe,John.Doe@example.com,19,REPLACE
20,Jane,Doe,Jane.Doe@example.com,19,REPLACE
21,John,Doe,John.Doe@example.com,19,REPLACE
22,Jane,Doe,Jane.Doe@example.com,19,REPLACE
23,John,Doe,John.Doe@example.com,19,REPLACE
24,Jane,Doe,Jane.Doe@example.com,19,REPLACE
25,John,Doe,John.Doe@example.com,19,REPLACE
26,Jane,Doe,Jane.Doe@example.com,19,REPLACE
27,John,Doe,John.Doe@example.com,19,REPLACE
28,John,Doe,Jane.Doe@example.com,19,REPLACE
29,Jane,Doe,John.Doe@example.com,19,REPLACE
30,John,Doe,Jane.Doe@example.com,19,REPLACE
31,Jane,Doe,John.Doe@example.com,19,REPLACE
32,John,Doe,Jane.Doe@example.com,19,REPLACE
33,Jane,Doe,John.Doe@example.com,19,REPLACE
34,John,Doe,Jane.Doe@example.com,19,REPLACE
35,Jane,Doe,John.Doe@example.com,19,REPLACE
36,John,Doe,Jane.Doe@example.com,19,REPLACE
37,Jane,Doe,John.Doe@example.com,19,REPLACE
38,John,Doe,Jane.Doe@example.com,19,REPLACE
39,Jane,Doe,John.Doe@example.com,19,REPLACE
40,John,Doe,Jane.Doe@example.com,19,REPLACE
41,Jane,Doe,John.Doe@example.com,19,REPLACE
42,John,Doe,Jane.Doe@example.com,4,REPLACE
43,Jane,Doe,John.Doe@example.com,14,REPLACE
44,John,Doe,Jane.Doe@example.com,7,REPLACE
45,Jane,Doe,John.Doe@example.com,6,REPLACE
46,John,Doe,Jane.Doe@example.com,15,REPLACE
47,Jane,Doe,John.Doe@example.com,7,REPLACE
48,John,Doe,Jane.Doe@example.com,5,REPLACE
49,Jane,Doe,John.Doe@example.com,6,REPLACE
50,John,Doe,Jane.Doe@example.com,16,REPLACE
51,Jane,Doe,John.Doe@example.com,17,REPLACE
52,John,Doe,Jane.Doe@example.com,16,REPLACE
53,Jane,Doe,John.Doe@example.com,17,REPLACE
54,John,Doe,Jane.Doe@example.com,14,REPLACE
55,John,Doe,John.Doe@example.com,20,REPLACE
56,Jane,Doe,Jane.Doe@example.com,21,REPLACE
57,John,Doe,John.Doe@example.com,14,REPLACE
58,Jane,Doe,Jane.Doe@example.com,16,REPLACE
59,John,Doe,John.Doe@example.com,7,REPLACE
60,Jane,Doe,Jane.Doe@example.com,14,REPLACE
61,John,Doe,John.Doe@example.com,14,REPLACE
62,Jane,Doe,Jane.Doe@example.com,5,REPLACE
63,John,Doe,John.Doe@example.com,6,REPLACE
64,Jane,Doe,Jane.Doe@example.com,6,REPLACE
65,John,Doe,John.Doe@example.com,14,REPLACE
66,Jane,Doe,Jane.Doe@example.com,7,REPLACE
67,John,Doe,John.Doe@example.com,6,REPLACE
68,Jane,Doe,Jane.Doe@example.com,6,REPLACE
69,John,Doe,John.Doe@example.com,10,REPLACE
70,Jane,Doe,Jane.Doe@example.com,14,REPLACE
71,John,Doe,John.Doe@example.com,19,REPLACE
72,Jane,Doe,Jane.Doe@example.com,9,REPLACE
73,John,Doe,John.Doe@example.com,19,REPLACE
74,Jane,Doe,Jane.Doe@example.com,9,REPLACE
75,John,Doe,John.Doe@example.com,9,REPLACE
76,Jane,Doe,Jane.Doe@example.com,12,REPLACE
77,John,Doe,John.Doe@example.com,9,REPLACE
78,Jane,Doe,Jane.Doe@example.com,11,REPLACE
79,John,Doe,John.Doe@example.com,11,REPLACE
80,Jane,Doe,Jane.Doe@example.com,22,REPLACE
81,John,Doe,John.Doe@example.com,21,REPLACE
82,John,Doe,Jane.Doe@example.com,24,REPLACE
83,Jane,Doe,John.Doe@example.com,23,REPLACE
84,John,Doe,Jane.Doe@example.com,10,REPLACE
85,Jane,Doe,John.Doe@example.com,10,REPLACE
86,John,Doe,Jane.Doe@example.com,9,REPLACE
87,Jane,Doe,John.Doe@example.com,10,REPLACE
88,John,Doe,Jane.Doe@example.com,7,REPLACE
89,Jane,Doe,John.Doe@example.com,7,REPLACE
90,John,Doe,Jane.Doe@example.com,26,REPLACE
91,Jane,Doe,John.Doe@example.com,27,REPLACE
92,John,Doe,Jane.Doe@example.com,11,REPLACE
93,Jane,Doe,John.Doe@example.com,21,REPLACE
94,John,Doe,Jane.Doe@example.com,3,REPLACE
95,Jane,Doe,John.Doe@example.com,31,REPLACE
96,John,Doe,Jane.Doe@example.com,5,REPLACE
97,Jane,Doe,John.Doe@example.com,31,REPLACE
98,John,Doe,Jane.Doe@example.com,32,REPLACE
99,Jane,Doe,John.Doe@example.com,32,REPLACE
100,John,Doe,Jane.Doe@example.com,2,REPLACE
101,Jane,Doe,John.Doe@example.com,11,REPLACE
102,John,Doe,Jane.Doe@example.com,10,REPLACE
103,Jane,Doe,John.Doe@example.com,19,REPLACE
104,John,Doe,Jane.Doe@example.com,9,REPLACE
105,Jane,Doe,John.Doe@example.com,9,REPLACE
106,John,Doe,Jane.Doe@example.com,19,REPLACE
107,Jane,Doe,John.Doe@example.com,19,REPLACE
108,John,Doe,Jane.Doe@example.com,19,REPLACE
109,John,Doe,John.Doe@example.com,19,REPLACE
110,Jane,Doe,Jane.Doe@example.com,19,REPLACE
111,John,Doe,John.Doe@example.com,19,REPLACE
112,Jane,Doe,Jane.Doe@example.com,19,REPLACE
113,John,Doe,John.Doe@example.com,19,REPLACE
114,Jane,Doe,Jane.Doe@example.com,19,REPLACE
115,John,Doe,John.Doe@example.com,19,REPLACE
116,Jane,Doe,Jane.Doe@example.com,19,REPLACE
117,John,Doe,John.Doe@example.com,9,REPLACE
118,Jane,Doe,Jane.Doe@example.com,33,REPLACE
119,John,Doe,John.Doe@example.com,19,REPLACE
120,Jane,Doe,Jane.Doe@example.com,19,REPLACE
121,John,Doe,John.Doe@example.com,19,REPLACE
122,Jane,Doe,Jane.Doe@example.com,19,REPLACE
123,John,Doe,John.Doe@example.com,19,REPLACE
124,Jane,Doe,Jane.Doe@example.com,19,REPLACE
125,John,Doe,John.Doe@example.com,19,REPLACE
126,Jane,Doe,Jane.Doe@example.com,19,REPLACE
127,John,Doe,John.Doe@example.com,19,REPLACE
128,Jane,Doe,Jane.Doe@example.com,19,REPLACE
129,John,Doe,John.Doe@example.com,19,REPLACE
130,Jane,Doe,Jane.Doe@example.com,19,REPLACE
131,John,Doe,John.Doe@example.com,19,REPLACE
132,Jane,Doe,Jane.Doe@example.com,10,REPLACE
133,John,Doe,John.Doe@example.com,19,REPLACE
134,Jane,Doe,Jane.Doe@example.com,19,REPLACE
135,John,Doe,John.Doe@example.com,19,REPLACE
136,John,Doe,Jane.Doe@example.com,19,REPLACE
137,Jane,Doe,John.Doe@example.com,19,REPLACE
138,John,Doe,Jane.Doe@example.com,19,REPLACE
139,Jane,Doe,John.Doe@example.com,10,REPLACE
140,John,Doe,Jane.Doe@example.com,19,REPLACE
141,Jane,Doe,John.Doe@example.com,19,REPLACE
142,John,Doe,Jane.Doe@example.com,19,REPLACE
143,Jane,Doe,John.Doe@example.com,19,REPLACE
144,John,Doe,Jane.Doe@example.com,12,REPLACE
145,Jane,Doe,John.Doe@example.com,19,REPLACE
146,John,Doe,Jane.Doe@example.com,19,REPLACE
147,Jane,Doe,John.Doe@example.com,19,REPLACE
148,John,Doe,Jane.Doe@example.com,19,REPLACE
149,Jane,Doe,John.Doe@example.com,34,REPLACE
150,John,Doe,Jane.Doe@example.com,19,REPLACE
151,Jane,Doe,John.Doe@example.com,19,REPLACE
152,John,Doe,Jane.Doe@example.com,35,REPLACE
153,Jane,Doe,John.Doe@example.com,33,REPLACE
154,John,Doe,Jane.Doe@example.com,19,REPLACE
155,Jane,Doe,John.Doe@example.com,19,REPLACE
156,John,Doe,Jane.Doe@example.com,19,REPLACE
157,Jane,Doe,John.Doe@example.com,21,REPLACE
158,John,Doe,Jane.Doe@example.com,19,REPLACE
159,Jane,Doe,John.Doe@example.com,19,REPLACE
160,John,Doe,Jane.Doe@example.com,36,REPLACE
161,Jane,Doe,John.Doe@example.com,19,REPLACE
162,John,Doe,Jane.Doe@example.com,19,REPLACE
163,John,Doe,John.Doe@example.com,37,REPLACE
164,Jane,Doe,Jane.Doe@example.com,37,REPLACE
165,John,Doe,John.Doe@example.com,19,REPLACE
166,Jane,Doe,Jane.Doe@example.com,37,REPLACE
167,John,Doe,John.Doe@example.com,19,REPLACE
168,Jane,Doe,Jane.Doe@example.com,19,REPLACE
169,John,Doe,John.Doe@example.com,19,REPLACE
170,Jane,Doe,Jane.Doe@example.com,19,REPLACE
171,John,Doe,John.Doe@example.com,37,REPLACE
172,Jane,Doe,Jane.Doe@example.com,19,REPLACE
173,John,Doe,John.Doe@example.com,19,REPLACE
174,Jane,Doe,Jane.Doe@example.com,19,REPLACE
175,John,Doe,John.Doe@example.com,37,REPLACE
176,Jane,Doe,Jane.Doe@example.com,19,REPLACE
177,John,Doe,John.Doe@example.com,19,REPLACE
178,Jane,Doe,Jane.Doe@example.com,11,REPLACE
179,John,Doe,John.Doe@example.com,10,REPLACE
180,Jane,Doe,Jane.Doe@example.com,19,REPLACE
181,John,Doe,John.Doe@example.com,19,REPLACE
182,Jane,Doe,Jane.Doe@example.com,19,REPLACE
183,John,Doe,John.Doe@example.com,19,REPLACE
184,Jane,Doe,Jane.Doe@example.com,19,REPLACE
185,John,Doe,John.Doe@example.com,19,REPLACE
186,Jane,Doe,Jane.Doe@example.com,19,REPLACE
187,John,Doe,John.Doe@example.com,19,REPLACE
188,Jane,Doe,Jane.Doe@example.com,19,REPLACE
189,John,Doe,John.Doe@example.com,19,REPLACE
190,John,Doe,Jane.Doe@example.com,19,REPLACE
191,Jane,Doe,John.Doe@example.com,19,REPLACE
192,John,Doe,Jane.Doe@example.com,19,REPLACE
193,Jane,Doe,John.Doe@example.com,19,REPLACE
194,John,Doe,Jane.Doe@example.com,19,REPLACE
195,Jane,Doe,John.Doe@example.com,19,REPLACE
196,John,Doe,Jane.Doe@example.com,19,REPLACE
197,Jane,Doe,John.Doe@example.com,19,REPLACE
198,John,Doe,Jane.Doe@example.com,11,REPLACE
199,Jane,Doe,John.Doe@example.com,33,REPLACE
200,John,Doe,Jane.Doe@example.com,33,REPLACE
201,Jane,Doe,John.Doe@example.com,12,REPLACE
202,John,Doe,Jane.Doe@example.com,12,REPLACE
203,Jane,Doe,John.Doe@example.com,11,REPLACE
204,John,Doe,Jane.Doe@example.com,11,REPLACE
205,Jane,Doe,John.Doe@example.com,19,REPLACE
206,John,Doe,Jane.Doe@example.com,19,REPLACE
207,Jane,Doe,John.Doe@example.com,19,REPLACE
208,John,Doe,Jane.Doe@example.com,38,REPLACE
209,Jane,Doe,John.Doe@example.com,12,REPLACE
210,John,Doe,Jane.Doe@example.com,34,REPLACE
211,Jane,Doe,John.Doe@example.com,11,REPLACE
212,John,Doe,Jane.Doe@example.com,9,REPLACE
213,Jane,Doe,John.Doe@example.com,38,REPLACE
214,John,Doe,Jane.Doe@example.com,19,REPLACE
215,Jane,Doe,John.Doe@example.com,19,REPLACE
216,John,Doe,Jane.Doe@example.com,19,REPLACE
217,John,Doe,John.Doe@example.com,19,REPLACE
218,Jane,Doe,Jane.Doe@example.com,19,REPLACE
219,John,Doe,John.Doe@example.com,19,REPLACE
220,Jane,Doe,Jane.Doe@example.com,19,REPLACE
221,John,Doe,John.Doe@example.com,19,REPLACE
222,Jane,Doe,Jane.Doe@example.com,33,REPLACE
223,John,Doe,John.Doe@example.com,10,REPLACE
224,Jane,Doe,Jane.Doe@example.com,21,REPLACE
225,John,Doe,John.Doe@example.com,9,REPLACE
226,Jane,Doe,Jane.Doe@example.com,9,REPLACE
227,John,Doe,John.Doe@example.com,19,REPLACE
228,Jane,Doe,Jane.Doe@example.com,13,REPLACE
229,John,Doe,John.Doe@example.com,11,REPLACE
230,Jane,Doe,Jane.Doe@example.com,19,REPLACE
231,John,Doe,John.Doe@example.com,19,REPLACE
232,Jane,Doe,Jane.Doe@example.com,33,REPLACE
233,John,Doe,John.Doe@example.com,28,REPLACE
234,Jane,Doe,Jane.Doe@example.com,33,REPLACE
235,John,Doe,John.Doe@example.com,40,REPLACE
236,Jane,Doe,Jane.Doe@example.com,41,REPLACE
237,John,Doe,John.Doe@example.com,33,REPLACE
238,Jane,Doe,Jane.Doe@example.com,19,REPLACE
239,John,Doe,John.Doe@example.com,19,REPLACE
240,Jane,Doe,Jane.Doe@example.com,19,REPLACE
241,John,Doe,John.Doe@example.com,19,REPLACE
242,Jane,Doe,Jane.Doe@example.com,19,REPLACE
243,John,Doe,John.Doe@example.com,19,REPLACE
244,John,Doe,Jane.Doe@example.com,19,REPLACE
245,Jane,Doe,John.Doe@example.com,42,REPLACE
246,John,Doe,Jane.Doe@example.com,43,REPLACE
247,Jane,Doe,John.Doe@example.com,43,REPLACE
248,John,Doe,Jane.Doe@example.com,43,REPLACE
249,Jane,Doe,John.Doe@example.com,19,REPLACE
250,John,Doe,Jane.Doe@example.com,43,REPLACE
251,Jane,Doe,John.Doe@example.com,45,REPLACE
252,John,Doe,Jane.Doe@example.com,43,REPLACE
253,Jane,Doe,John.Doe@example.com,43,REPLACE
254,John,Doe,Jane.Doe@example.com,42,REPLACE
255,Jane,Doe,John.Doe@example.com,11,REPLACE
256,John,Doe,Jane.Doe@example.com,46,REPLACE
257,Jane,Doe,John.Doe@example.com,49,REPLACE
258,John,Doe,Jane.Doe@example.com,48,REPLACE
259,Jane,Doe,John.Doe@example.com,49,REPLACE
260,John,Doe,Jane.Doe@example.com,50,REPLACE
261,Jane,Doe,John.Doe@example.com,19,REPLACE
262,John,Doe,Jane.Doe@example.com,48,REPLACE
263,Jane,Doe,John.Doe@example.com,49,REPLACE
264,John,Doe,Jane.Doe@example.com,52,REPLACE
265,Jane,Doe,John.Doe@example.com,21,REPLACE
266,John,Doe,Jane.Doe@example.com,51,REPLACE
267,Jane,Doe,John.Doe@example.com,21,REPLACE
268,John,Doe,Jane.Doe@example.com,46,REPLACE
269,Jane,Doe,John.Doe@example.com,48,REPLACE
270,John,Doe,Jane.Doe@example.com,53,REPLACE
271,John,Doe,John.Doe@example.com,53,REPLACE
272,Jane,Doe,Jane.Doe@example.com,53,REPLACE
273,John,Doe,John.Doe@example.com,54,REPLACE
274,Jane,Doe,Jane.Doe@example.com,51,REPLACE
275,John,Doe,John.Doe@example.com,42,REPLACE
276,Jane,Doe,Jane.Doe@example.com,42,REPLACE
277,John,Doe,John.Doe@example.com,42,REPLACE
278,Jane,Doe,Jane.Doe@example.com,42,REPLACE
279,John,Doe,John.Doe@example.com,52,REPLACE
280,Jane,Doe,Jane.Doe@example.com,45,REPLACE
281,John,Doe,John.Doe@example.com,44,REPLACE
282,Jane,Doe,Jane.Doe@example.com,44,REPLACE
283,John,Doe,John.Doe@example.com,45,REPLACE
284,Jane,Doe,Jane.Doe@example.com,43,REPLACE
285,John,Doe,John.Doe@example.com,43,REPLACE
286,Jane,Doe,Jane.Doe@example.com,44,REPLACE
287,John,Doe,John.Doe@example.com,43,REPLACE
288,Jane,Doe,Jane.Doe@example.com,43,REPLACE
289,John,Doe,John.Doe@example.com,43,REPLACE
290,Jane,Doe,Jane.Doe@example.com,43,REPLACE
291,John,Doe,John.Doe@example.com,43,REPLACE
292,Jane,Doe,Jane.Doe@example.com,43,REPLACE
293,John,Doe,John.Doe@example.com,43,REPLACE
294,Jane,Doe,Jane.Doe@example.com,44,REPLACE
295,John,Doe,John.Doe@example.com,43,REPLACE
296,Jane,Doe,Jane.Doe@example.com,43,REPLACE
297,John,Doe,John.Doe@example.com,44,REPLACE
298,John,Doe,Jane.Doe@example.com,43,REPLACE
299,Jane,Doe,John.Doe@example.com,44,REPLACE
300,John,Doe,Jane.Doe@example.com,43,REPLACE
301,Jane,Doe,John.Doe@example.com,43,REPLACE
302,John,Doe,Jane.Doe@example.com,43,REPLACE
303,Jane,Doe,John.Doe@example.com,43,REPLACE
304,John,Doe,Jane.Doe@example.com,43,REPLACE
305,Jane,Doe,John.Doe@example.com,43,REPLACE
306,John,Doe,Jane.Doe@example.com,43,REPLACE
307,Jane,Doe,John.Doe@example.com,44,REPLACE
308,John,Doe,Jane.Doe@example.com,56,REPLACE
309,Jane,Doe,John.Doe@example.com,57,REPLACE
310,John,Doe,Jane.Doe@example.com,57,REPLACE
311,Jane,Doe,John.Doe@example.com,43,REPLACE
312,John,Doe,Jane.Doe@example.com,43,REPLACE
313,Jane,Doe,John.Doe@example.com,58,REPLACE
314,John,Doe,Jane.Doe@example.com,58,REPLACE
315,Jane,Doe,John.Doe@example.com,58,REPLACE
316,John,Doe,Jane.Doe@example.com,43,REPLACE
317,Jane,Doe,John.Doe@example.com,19,REPLACE
318,John,Doe,Jane.Doe@example.com,19,REPLACE
